--
-- PostgreSQL database dump
--

-- Dumped from database version 13.16
-- Dumped by pg_dump version 13.16

SET statement_timeout = 0;
SET lock_timeout = 0;
SET idle_in_transaction_session_timeout = 0;
SET client_encoding = 'UTF8';
SET standard_conforming_strings = on;
SELECT pg_catalog.set_config('search_path', '', false);
SET check_function_bodies = false;
SET xmloption = content;
SET client_min_messages = warning;
SET row_security = off;

SET default_tablespace = '';

SET default_table_access_method = heap;

--
-- Name: auth_group; Type: TABLE; Schema: public; Owner: postgres
--

CREATE TABLE public.auth_group (
    id integer NOT NULL,
    name character varying(150) NOT NULL
);


ALTER TABLE public.auth_group OWNER TO postgres;

--
-- Name: auth_group_id_seq; Type: SEQUENCE; Schema: public; Owner: postgres
--

ALTER TABLE public.auth_group ALTER COLUMN id ADD GENERATED BY DEFAULT AS IDENTITY (
    SEQUENCE NAME public.auth_group_id_seq
    START WITH 1
    INCREMENT BY 1
    NO MINVALUE
    NO MAXVALUE
    CACHE 1
);


--
-- Name: auth_group_permissions; Type: TABLE; Schema: public; Owner: postgres
--

CREATE TABLE public.auth_group_permissions (
    id bigint NOT NULL,
    group_id integer NOT NULL,
    permission_id integer NOT NULL
);


ALTER TABLE public.auth_group_permissions OWNER TO postgres;

--
-- Name: auth_group_permissions_id_seq; Type: SEQUENCE; Schema: public; Owner: postgres
--

ALTER TABLE public.auth_group_permissions ALTER COLUMN id ADD GENERATED BY DEFAULT AS IDENTITY (
    SEQUENCE NAME public.auth_group_permissions_id_seq
    START WITH 1
    INCREMENT BY 1
    NO MINVALUE
    NO MAXVALUE
    CACHE 1
);


--
-- Name: auth_permission; Type: TABLE; Schema: public; Owner: postgres
--

CREATE TABLE public.auth_permission (
    id integer NOT NULL,
    name character varying(255) NOT NULL,
    content_type_id integer NOT NULL,
    codename character varying(100) NOT NULL
);


ALTER TABLE public.auth_permission OWNER TO postgres;

--
-- Name: auth_permission_id_seq; Type: SEQUENCE; Schema: public; Owner: postgres
--

ALTER TABLE public.auth_permission ALTER COLUMN id ADD GENERATED BY DEFAULT AS IDENTITY (
    SEQUENCE NAME public.auth_permission_id_seq
    START WITH 1
    INCREMENT BY 1
    NO MINVALUE
    NO MAXVALUE
    CACHE 1
);


--
-- Name: auth_user; Type: TABLE; Schema: public; Owner: postgres
--

CREATE TABLE public.auth_user (
    id integer NOT NULL,
    password character varying(128) NOT NULL,
    last_login timestamp with time zone,
    is_superuser boolean NOT NULL,
    username character varying(150) NOT NULL,
    first_name character varying(150) NOT NULL,
    last_name character varying(150) NOT NULL,
    email character varying(254) NOT NULL,
    is_staff boolean NOT NULL,
    is_active boolean NOT NULL,
    date_joined timestamp with time zone NOT NULL
);


ALTER TABLE public.auth_user OWNER TO postgres;

--
-- Name: auth_user_groups; Type: TABLE; Schema: public; Owner: postgres
--

CREATE TABLE public.auth_user_groups (
    id bigint NOT NULL,
    user_id integer NOT NULL,
    group_id integer NOT NULL
);


ALTER TABLE public.auth_user_groups OWNER TO postgres;

--
-- Name: auth_user_groups_id_seq; Type: SEQUENCE; Schema: public; Owner: postgres
--

ALTER TABLE public.auth_user_groups ALTER COLUMN id ADD GENERATED BY DEFAULT AS IDENTITY (
    SEQUENCE NAME public.auth_user_groups_id_seq
    START WITH 1
    INCREMENT BY 1
    NO MINVALUE
    NO MAXVALUE
    CACHE 1
);


--
-- Name: auth_user_id_seq; Type: SEQUENCE; Schema: public; Owner: postgres
--

ALTER TABLE public.auth_user ALTER COLUMN id ADD GENERATED BY DEFAULT AS IDENTITY (
    SEQUENCE NAME public.auth_user_id_seq
    START WITH 1
    INCREMENT BY 1
    NO MINVALUE
    NO MAXVALUE
    CACHE 1
);


--
-- Name: auth_user_user_permissions; Type: TABLE; Schema: public; Owner: postgres
--

CREATE TABLE public.auth_user_user_permissions (
    id bigint NOT NULL,
    user_id integer NOT NULL,
    permission_id integer NOT NULL
);


ALTER TABLE public.auth_user_user_permissions OWNER TO postgres;

--
-- Name: auth_user_user_permissions_id_seq; Type: SEQUENCE; Schema: public; Owner: postgres
--

ALTER TABLE public.auth_user_user_permissions ALTER COLUMN id ADD GENERATED BY DEFAULT AS IDENTITY (
    SEQUENCE NAME public.auth_user_user_permissions_id_seq
    START WITH 1
    INCREMENT BY 1
    NO MINVALUE
    NO MAXVALUE
    CACHE 1
);


--
-- Name: django_admin_log; Type: TABLE; Schema: public; Owner: postgres
--

CREATE TABLE public.django_admin_log (
    id integer NOT NULL,
    action_time timestamp with time zone NOT NULL,
    object_id text,
    object_repr character varying(200) NOT NULL,
    action_flag smallint NOT NULL,
    change_message text NOT NULL,
    content_type_id integer,
    user_id integer NOT NULL,
    CONSTRAINT django_admin_log_action_flag_check CHECK ((action_flag >= 0))
);


ALTER TABLE public.django_admin_log OWNER TO postgres;

--
-- Name: django_admin_log_id_seq; Type: SEQUENCE; Schema: public; Owner: postgres
--

ALTER TABLE public.django_admin_log ALTER COLUMN id ADD GENERATED BY DEFAULT AS IDENTITY (
    SEQUENCE NAME public.django_admin_log_id_seq
    START WITH 1
    INCREMENT BY 1
    NO MINVALUE
    NO MAXVALUE
    CACHE 1
);


--
-- Name: django_content_type; Type: TABLE; Schema: public; Owner: postgres
--

CREATE TABLE public.django_content_type (
    id integer NOT NULL,
    app_label character varying(100) NOT NULL,
    model character varying(100) NOT NULL
);


ALTER TABLE public.django_content_type OWNER TO postgres;

--
-- Name: django_content_type_id_seq; Type: SEQUENCE; Schema: public; Owner: postgres
--

ALTER TABLE public.django_content_type ALTER COLUMN id ADD GENERATED BY DEFAULT AS IDENTITY (
    SEQUENCE NAME public.django_content_type_id_seq
    START WITH 1
    INCREMENT BY 1
    NO MINVALUE
    NO MAXVALUE
    CACHE 1
);


--
-- Name: django_migrations; Type: TABLE; Schema: public; Owner: postgres
--

CREATE TABLE public.django_migrations (
    id bigint NOT NULL,
    app character varying(255) NOT NULL,
    name character varying(255) NOT NULL,
    applied timestamp with time zone NOT NULL
);


ALTER TABLE public.django_migrations OWNER TO postgres;

--
-- Name: django_migrations_id_seq; Type: SEQUENCE; Schema: public; Owner: postgres
--

ALTER TABLE public.django_migrations ALTER COLUMN id ADD GENERATED BY DEFAULT AS IDENTITY (
    SEQUENCE NAME public.django_migrations_id_seq
    START WITH 1
    INCREMENT BY 1
    NO MINVALUE
    NO MAXVALUE
    CACHE 1
);


--
-- Name: django_session; Type: TABLE; Schema: public; Owner: postgres
--

CREATE TABLE public.django_session (
    session_key character varying(40) NOT NULL,
    session_data text NOT NULL,
    expire_date timestamp with time zone NOT NULL
);


ALTER TABLE public.django_session OWNER TO postgres;

--
-- Name: web_arriendo; Type: TABLE; Schema: public; Owner: postgres
--

CREATE TABLE public.web_arriendo (
    id bigint NOT NULL,
    fecha_arriendo timestamp with time zone NOT NULL,
    fecha_devolucion timestamp with time zone,
    multa integer NOT NULL,
    user_id integer NOT NULL,
    juego_id bigint NOT NULL
);


ALTER TABLE public.web_arriendo OWNER TO postgres;

--
-- Name: web_arriendo_id_seq; Type: SEQUENCE; Schema: public; Owner: postgres
--

ALTER TABLE public.web_arriendo ALTER COLUMN id ADD GENERATED BY DEFAULT AS IDENTITY (
    SEQUENCE NAME public.web_arriendo_id_seq
    START WITH 1
    INCREMENT BY 1
    NO MINVALUE
    NO MAXVALUE
    CACHE 1
);


--
-- Name: web_genero; Type: TABLE; Schema: public; Owner: postgres
--

CREATE TABLE public.web_genero (
    id bigint NOT NULL,
    nombre character varying(50) NOT NULL
);


ALTER TABLE public.web_genero OWNER TO postgres;

--
-- Name: web_genero_id_seq; Type: SEQUENCE; Schema: public; Owner: postgres
--

ALTER TABLE public.web_genero ALTER COLUMN id ADD GENERATED BY DEFAULT AS IDENTITY (
    SEQUENCE NAME public.web_genero_id_seq
    START WITH 1
    INCREMENT BY 1
    NO MINVALUE
    NO MAXVALUE
    CACHE 1
);


--
-- Name: web_juego; Type: TABLE; Schema: public; Owner: postgres
--

CREATE TABLE public.web_juego (
    id bigint NOT NULL,
    titulo character varying(255) NOT NULL,
    descripcion character varying(255) NOT NULL,
    anno integer NOT NULL,
    arrendador_id integer,
    genero_id bigint NOT NULL,
    plataforma_id bigint NOT NULL
);


ALTER TABLE public.web_juego OWNER TO postgres;

--
-- Name: web_juego_id_seq; Type: SEQUENCE; Schema: public; Owner: postgres
--

ALTER TABLE public.web_juego ALTER COLUMN id ADD GENERATED BY DEFAULT AS IDENTITY (
    SEQUENCE NAME public.web_juego_id_seq
    START WITH 1
    INCREMENT BY 1
    NO MINVALUE
    NO MAXVALUE
    CACHE 1
);


--
-- Name: web_plataforma; Type: TABLE; Schema: public; Owner: postgres
--

CREATE TABLE public.web_plataforma (
    id bigint NOT NULL,
    nombre character varying(50) NOT NULL,
    dias_arriendo integer NOT NULL,
    precio_dias_atraso integer NOT NULL
);


ALTER TABLE public.web_plataforma OWNER TO postgres;

--
-- Name: web_plataforma_id_seq; Type: SEQUENCE; Schema: public; Owner: postgres
--

ALTER TABLE public.web_plataforma ALTER COLUMN id ADD GENERATED BY DEFAULT AS IDENTITY (
    SEQUENCE NAME public.web_plataforma_id_seq
    START WITH 1
    INCREMENT BY 1
    NO MINVALUE
    NO MAXVALUE
    CACHE 1
);


--
-- Data for Name: auth_group; Type: TABLE DATA; Schema: public; Owner: postgres
--

COPY public.auth_group (id, name) FROM stdin;
\.


--
-- Data for Name: auth_group_permissions; Type: TABLE DATA; Schema: public; Owner: postgres
--

COPY public.auth_group_permissions (id, group_id, permission_id) FROM stdin;
\.


--
-- Data for Name: auth_permission; Type: TABLE DATA; Schema: public; Owner: postgres
--

COPY public.auth_permission (id, name, content_type_id, codename) FROM stdin;
1	Can add log entry	1	add_logentry
2	Can change log entry	1	change_logentry
3	Can delete log entry	1	delete_logentry
4	Can view log entry	1	view_logentry
5	Can add permission	2	add_permission
6	Can change permission	2	change_permission
7	Can delete permission	2	delete_permission
8	Can view permission	2	view_permission
9	Can add group	3	add_group
10	Can change group	3	change_group
11	Can delete group	3	delete_group
12	Can view group	3	view_group
13	Can add user	4	add_user
14	Can change user	4	change_user
15	Can delete user	4	delete_user
16	Can view user	4	view_user
17	Can add content type	5	add_contenttype
18	Can change content type	5	change_contenttype
19	Can delete content type	5	delete_contenttype
20	Can view content type	5	view_contenttype
21	Can add session	6	add_session
22	Can change session	6	change_session
23	Can delete session	6	delete_session
24	Can view session	6	view_session
25	Can add juego	7	add_juego
26	Can change juego	7	change_juego
27	Can delete juego	7	delete_juego
28	Can view juego	7	view_juego
29	Can add genero	8	add_genero
30	Can change genero	8	change_genero
31	Can delete genero	8	delete_genero
32	Can view genero	8	view_genero
33	Can add plataforma	9	add_plataforma
34	Can change plataforma	9	change_plataforma
35	Can delete plataforma	9	delete_plataforma
36	Can view plataforma	9	view_plataforma
37	Can add arriendo	10	add_arriendo
38	Can change arriendo	10	change_arriendo
39	Can delete arriendo	10	delete_arriendo
40	Can view arriendo	10	view_arriendo
\.


--
-- Data for Name: auth_user; Type: TABLE DATA; Schema: public; Owner: postgres
--

COPY public.auth_user (id, password, last_login, is_superuser, username, first_name, last_name, email, is_staff, is_active, date_joined) FROM stdin;
4	pbkdf2_sha256$870000$sfk3yk3jZvuEECbP6tcqVT$cMvWDDmEzZVCU7D84U1YWstOEvlc6dmz5cJtHkIODFE=	2024-11-05 13:40:26.321185-03	f	claudia@mail.com	Claudia	Jaramillo	claudia@mail.com	f	t	2024-11-05 10:30:13.977596-03
3	pbkdf2_sha256$870000$WRgTnDLlJEzW2WvWs30BQL$NqWfJ1W7eZnmnsSmPAcrVvc3NZ+vDMu2xPbeUll2244=	2024-11-05 14:16:29.090841-03	f	maria@mail.com	Maria	Fernandez	maria@mail.com	f	t	2024-11-05 10:29:26.937943-03
2	pbkdf2_sha256$870000$cD2b7YttLmPOVJqvo3jlIQ$qf8U7XRepEFBlUZBUqvWal9yzsl/DQ9DVEA1AJhbTmA=	2024-11-05 14:17:09.500091-03	f	pedro@mail.com	Pedro	Gonzalez	pedro@mail.com	t	t	2024-11-05 10:28:50-03
1	pbkdf2_sha256$870000$lEtl4GfrZ3lA3VI8TIuXko$3jS76HvYydXNN753dwp85DHndp11NpQ5kIS8C8hd1bc=	2024-11-05 14:18:37.148227-03	t	admin			admin@mail.com	t	t	2024-11-05 10:06:29.293121-03
\.


--
-- Data for Name: auth_user_groups; Type: TABLE DATA; Schema: public; Owner: postgres
--

COPY public.auth_user_groups (id, user_id, group_id) FROM stdin;
\.


--
-- Data for Name: auth_user_user_permissions; Type: TABLE DATA; Schema: public; Owner: postgres
--

COPY public.auth_user_user_permissions (id, user_id, permission_id) FROM stdin;
\.


--
-- Data for Name: django_admin_log; Type: TABLE DATA; Schema: public; Owner: postgres
--

COPY public.django_admin_log (id, action_time, object_id, object_repr, action_flag, change_message, content_type_id, user_id) FROM stdin;
1	2024-11-05 10:32:11.531147-03	1	Aventura	1	[{"added": {}}]	8	1
2	2024-11-05 10:32:18.788356-03	2	Deportes	1	[{"added": {}}]	8	1
3	2024-11-05 10:32:26.811956-03	3	Accion	1	[{"added": {}}]	8	1
4	2024-11-05 10:32:49.443421-03	4	Supervivencia	1	[{"added": {}}]	8	1
5	2024-11-05 10:36:35.25458-03	1	Nintendo Switch	1	[{"added": {}}]	9	1
6	2024-11-05 10:36:55.732591-03	2	XBOX Series S/X	1	[{"added": {}}]	9	1
7	2024-11-05 10:37:19.139036-03	3	Playstation 5	1	[{"added": {}}]	9	1
8	2024-11-05 10:38:19.766066-03	4	PlayStation 4	1	[{"added": {}}]	9	1
9	2024-11-05 10:43:58.955082-03	1	The Legend of Zelda: Breath of the Wild	1	[{"added": {}}]	7	1
10	2024-11-05 10:45:44.992593-03	2	Minecraft	1	[{"added": {}}]	7	1
11	2024-11-05 10:48:49.925577-03	3	God of War - 2018 - Accion - PlayStation 4	1	[{"added": {}}]	7	1
12	2024-11-05 10:50:38.804332-03	2	Minecraft - 2011 - Supervivencia - Playstation 5	2	[{"changed": {"fields": ["Plataforma"]}}]	7	1
13	2024-11-05 10:51:22.20939-03	4	FIFA 23 - 2022 - Deportes - XBOX Series S/X	1	[{"added": {}}]	7	1
14	2024-11-05 10:56:06.932054-03	2	pedro@mail.com	2	[{"changed": {"fields": ["Staff status"]}}]	4	1
15	2024-11-05 14:19:46.610621-03	5	Super Mario Odyssey - 2017 - Aventura - Nintendo Switch	1	[{"added": {}}]	7	1
\.


--
-- Data for Name: django_content_type; Type: TABLE DATA; Schema: public; Owner: postgres
--

COPY public.django_content_type (id, app_label, model) FROM stdin;
1	admin	logentry
2	auth	permission
3	auth	group
4	auth	user
5	contenttypes	contenttype
6	sessions	session
7	web	juego
8	web	genero
9	web	plataforma
10	web	arriendo
\.


--
-- Data for Name: django_migrations; Type: TABLE DATA; Schema: public; Owner: postgres
--

COPY public.django_migrations (id, app, name, applied) FROM stdin;
1	contenttypes	0001_initial	2024-11-05 09:43:37.952717-03
2	auth	0001_initial	2024-11-05 09:43:38.066495-03
3	admin	0001_initial	2024-11-05 09:43:38.105445-03
4	admin	0002_logentry_remove_auto_add	2024-11-05 09:43:38.117263-03
5	admin	0003_logentry_add_action_flag_choices	2024-11-05 09:43:38.13046-03
6	contenttypes	0002_remove_content_type_name	2024-11-05 09:43:38.178866-03
7	auth	0002_alter_permission_name_max_length	2024-11-05 09:43:38.190905-03
8	auth	0003_alter_user_email_max_length	2024-11-05 09:43:38.204978-03
9	auth	0004_alter_user_username_opts	2024-11-05 09:43:38.217936-03
10	auth	0005_alter_user_last_login_null	2024-11-05 09:43:38.228023-03
11	auth	0006_require_contenttypes_0002	2024-11-05 09:43:38.230541-03
12	auth	0007_alter_validators_add_error_messages	2024-11-05 09:43:38.237782-03
13	auth	0008_alter_user_username_max_length	2024-11-05 09:43:38.254354-03
14	auth	0009_alter_user_last_name_max_length	2024-11-05 09:43:38.264876-03
15	auth	0010_alter_group_name_max_length	2024-11-05 09:43:38.275667-03
16	auth	0011_update_proxy_permissions	2024-11-05 09:43:38.288711-03
17	auth	0012_alter_user_first_name_max_length	2024-11-05 09:43:38.296254-03
18	sessions	0001_initial	2024-11-05 09:43:38.307902-03
19	web	0001_initial	2024-11-05 10:23:29.245765-03
\.


--
-- Data for Name: django_session; Type: TABLE DATA; Schema: public; Owner: postgres
--

COPY public.django_session (session_key, session_data, expire_date) FROM stdin;
\.


--
-- Data for Name: web_arriendo; Type: TABLE DATA; Schema: public; Owner: postgres
--

COPY public.web_arriendo (id, fecha_arriendo, fecha_devolucion, multa, user_id, juego_id) FROM stdin;
1	2024-11-12 21:00:00-03	2024-11-15 21:00:00-03	0	2	2
2	2024-11-07 21:00:00-03	2024-11-28 21:00:00-03	64000	2	4
3	2024-11-04 21:00:00-03	2024-11-12 21:00:00-03	4000	2	3
4	2024-11-13 21:00:00-03	2024-11-21 21:00:00-03	5000	2	2
6	2024-11-08 21:00:00-03	2024-11-22 21:00:00-03	28000	3	3
5	2024-11-24 21:00:00-03	2024-11-29 21:00:00-03	0	2	4
\.


--
-- Data for Name: web_genero; Type: TABLE DATA; Schema: public; Owner: postgres
--

COPY public.web_genero (id, nombre) FROM stdin;
1	Aventura
2	Deportes
3	Accion
4	Supervivencia
\.


--
-- Data for Name: web_juego; Type: TABLE DATA; Schema: public; Owner: postgres
--

COPY public.web_juego (id, titulo, descripcion, anno, arrendador_id, genero_id, plataforma_id) FROM stdin;
1	The Legend of Zelda: Breath of the Wild	Descripción: The Legend of Zelda: Breath of the Wild es un juego de acción y aventura en mundo abierto que reinventa la famosa saga de Zelda. El jugador toma el control de Link, quien se despierta de un largo sueño para encontrar el reino de Hyrule	2017	\N	1	1
2	Minecraft	Minecraft es un juego sandbox que permite a los jugadores construir y explorar mundos generados de manera procedimental. En él, los jugadores pueden recolectar recursos, crear objetos, construir estructuras y, si lo desean.	2011	\N	4	3
3	God of War	God of War, es una reinvención de la popular serie de juegos de acción que sigue las andanzas de Kratos, el antiguo dios de la guerra, ahora con una nueva perspectiva y un tono más emocional.	2018	\N	3	4
4	FIFA 23	FIFA 23 es la última entrega de la famosa franquicia de fútbol desarrollada por EA Sports, y la última en llevar el nombre "FIFA" antes del cambio de marca a "EA Sports FC". El juego ofrece una experiencia de fútbol realista con licencias oficiales.	2022	\N	2	2
5	Super Mario Odyssey	Super Mario Odyssey es un juego de plataformas en 3D en el que Mario se embarca en una aventura mundial para rescatar a la Princesa Peach y salvar el mundo del malvado Bowser.	2017	\N	1	1
\.


--
-- Data for Name: web_plataforma; Type: TABLE DATA; Schema: public; Owner: postgres
--

COPY public.web_plataforma (id, nombre, dias_arriendo, precio_dias_atraso) FROM stdin;
1	Nintendo Switch	4	3000
2	XBOX Series S/X	5	4000
3	Playstation 5	7	5000
4	PlayStation 4	7	4000
\.


--
-- Name: auth_group_id_seq; Type: SEQUENCE SET; Schema: public; Owner: postgres
--

SELECT pg_catalog.setval('public.auth_group_id_seq', 1, false);


--
-- Name: auth_group_permissions_id_seq; Type: SEQUENCE SET; Schema: public; Owner: postgres
--

SELECT pg_catalog.setval('public.auth_group_permissions_id_seq', 1, false);


--
-- Name: auth_permission_id_seq; Type: SEQUENCE SET; Schema: public; Owner: postgres
--

SELECT pg_catalog.setval('public.auth_permission_id_seq', 40, true);


--
-- Name: auth_user_groups_id_seq; Type: SEQUENCE SET; Schema: public; Owner: postgres
--

SELECT pg_catalog.setval('public.auth_user_groups_id_seq', 1, false);


--
-- Name: auth_user_id_seq; Type: SEQUENCE SET; Schema: public; Owner: postgres
--

SELECT pg_catalog.setval('public.auth_user_id_seq', 4, true);


--
-- Name: auth_user_user_permissions_id_seq; Type: SEQUENCE SET; Schema: public; Owner: postgres
--

SELECT pg_catalog.setval('public.auth_user_user_permissions_id_seq', 1, false);


--
-- Name: django_admin_log_id_seq; Type: SEQUENCE SET; Schema: public; Owner: postgres
--

SELECT pg_catalog.setval('public.django_admin_log_id_seq', 15, true);


--
-- Name: django_content_type_id_seq; Type: SEQUENCE SET; Schema: public; Owner: postgres
--

SELECT pg_catalog.setval('public.django_content_type_id_seq', 10, true);


--
-- Name: django_migrations_id_seq; Type: SEQUENCE SET; Schema: public; Owner: postgres
--

SELECT pg_catalog.setval('public.django_migrations_id_seq', 19, true);


--
-- Name: web_arriendo_id_seq; Type: SEQUENCE SET; Schema: public; Owner: postgres
--

SELECT pg_catalog.setval('public.web_arriendo_id_seq', 6, true);


--
-- Name: web_genero_id_seq; Type: SEQUENCE SET; Schema: public; Owner: postgres
--

SELECT pg_catalog.setval('public.web_genero_id_seq', 4, true);


--
-- Name: web_juego_id_seq; Type: SEQUENCE SET; Schema: public; Owner: postgres
--

SELECT pg_catalog.setval('public.web_juego_id_seq', 5, true);


--
-- Name: web_plataforma_id_seq; Type: SEQUENCE SET; Schema: public; Owner: postgres
--

SELECT pg_catalog.setval('public.web_plataforma_id_seq', 4, true);


--
-- Name: auth_group auth_group_name_key; Type: CONSTRAINT; Schema: public; Owner: postgres
--

ALTER TABLE ONLY public.auth_group
    ADD CONSTRAINT auth_group_name_key UNIQUE (name);


--
-- Name: auth_group_permissions auth_group_permissions_group_id_permission_id_0cd325b0_uniq; Type: CONSTRAINT; Schema: public; Owner: postgres
--

ALTER TABLE ONLY public.auth_group_permissions
    ADD CONSTRAINT auth_group_permissions_group_id_permission_id_0cd325b0_uniq UNIQUE (group_id, permission_id);


--
-- Name: auth_group_permissions auth_group_permissions_pkey; Type: CONSTRAINT; Schema: public; Owner: postgres
--

ALTER TABLE ONLY public.auth_group_permissions
    ADD CONSTRAINT auth_group_permissions_pkey PRIMARY KEY (id);


--
-- Name: auth_group auth_group_pkey; Type: CONSTRAINT; Schema: public; Owner: postgres
--

ALTER TABLE ONLY public.auth_group
    ADD CONSTRAINT auth_group_pkey PRIMARY KEY (id);


--
-- Name: auth_permission auth_permission_content_type_id_codename_01ab375a_uniq; Type: CONSTRAINT; Schema: public; Owner: postgres
--

ALTER TABLE ONLY public.auth_permission
    ADD CONSTRAINT auth_permission_content_type_id_codename_01ab375a_uniq UNIQUE (content_type_id, codename);


--
-- Name: auth_permission auth_permission_pkey; Type: CONSTRAINT; Schema: public; Owner: postgres
--

ALTER TABLE ONLY public.auth_permission
    ADD CONSTRAINT auth_permission_pkey PRIMARY KEY (id);


--
-- Name: auth_user_groups auth_user_groups_pkey; Type: CONSTRAINT; Schema: public; Owner: postgres
--

ALTER TABLE ONLY public.auth_user_groups
    ADD CONSTRAINT auth_user_groups_pkey PRIMARY KEY (id);


--
-- Name: auth_user_groups auth_user_groups_user_id_group_id_94350c0c_uniq; Type: CONSTRAINT; Schema: public; Owner: postgres
--

ALTER TABLE ONLY public.auth_user_groups
    ADD CONSTRAINT auth_user_groups_user_id_group_id_94350c0c_uniq UNIQUE (user_id, group_id);


--
-- Name: auth_user auth_user_pkey; Type: CONSTRAINT; Schema: public; Owner: postgres
--

ALTER TABLE ONLY public.auth_user
    ADD CONSTRAINT auth_user_pkey PRIMARY KEY (id);


--
-- Name: auth_user_user_permissions auth_user_user_permissions_pkey; Type: CONSTRAINT; Schema: public; Owner: postgres
--

ALTER TABLE ONLY public.auth_user_user_permissions
    ADD CONSTRAINT auth_user_user_permissions_pkey PRIMARY KEY (id);


--
-- Name: auth_user_user_permissions auth_user_user_permissions_user_id_permission_id_14a6b632_uniq; Type: CONSTRAINT; Schema: public; Owner: postgres
--

ALTER TABLE ONLY public.auth_user_user_permissions
    ADD CONSTRAINT auth_user_user_permissions_user_id_permission_id_14a6b632_uniq UNIQUE (user_id, permission_id);


--
-- Name: auth_user auth_user_username_key; Type: CONSTRAINT; Schema: public; Owner: postgres
--

ALTER TABLE ONLY public.auth_user
    ADD CONSTRAINT auth_user_username_key UNIQUE (username);


--
-- Name: django_admin_log django_admin_log_pkey; Type: CONSTRAINT; Schema: public; Owner: postgres
--

ALTER TABLE ONLY public.django_admin_log
    ADD CONSTRAINT django_admin_log_pkey PRIMARY KEY (id);


--
-- Name: django_content_type django_content_type_app_label_model_76bd3d3b_uniq; Type: CONSTRAINT; Schema: public; Owner: postgres
--

ALTER TABLE ONLY public.django_content_type
    ADD CONSTRAINT django_content_type_app_label_model_76bd3d3b_uniq UNIQUE (app_label, model);


--
-- Name: django_content_type django_content_type_pkey; Type: CONSTRAINT; Schema: public; Owner: postgres
--

ALTER TABLE ONLY public.django_content_type
    ADD CONSTRAINT django_content_type_pkey PRIMARY KEY (id);


--
-- Name: django_migrations django_migrations_pkey; Type: CONSTRAINT; Schema: public; Owner: postgres
--

ALTER TABLE ONLY public.django_migrations
    ADD CONSTRAINT django_migrations_pkey PRIMARY KEY (id);


--
-- Name: django_session django_session_pkey; Type: CONSTRAINT; Schema: public; Owner: postgres
--

ALTER TABLE ONLY public.django_session
    ADD CONSTRAINT django_session_pkey PRIMARY KEY (session_key);


--
-- Name: web_arriendo web_arriendo_pkey; Type: CONSTRAINT; Schema: public; Owner: postgres
--

ALTER TABLE ONLY public.web_arriendo
    ADD CONSTRAINT web_arriendo_pkey PRIMARY KEY (id);


--
-- Name: web_genero web_genero_pkey; Type: CONSTRAINT; Schema: public; Owner: postgres
--

ALTER TABLE ONLY public.web_genero
    ADD CONSTRAINT web_genero_pkey PRIMARY KEY (id);


--
-- Name: web_juego web_juego_pkey; Type: CONSTRAINT; Schema: public; Owner: postgres
--

ALTER TABLE ONLY public.web_juego
    ADD CONSTRAINT web_juego_pkey PRIMARY KEY (id);


--
-- Name: web_plataforma web_plataforma_pkey; Type: CONSTRAINT; Schema: public; Owner: postgres
--

ALTER TABLE ONLY public.web_plataforma
    ADD CONSTRAINT web_plataforma_pkey PRIMARY KEY (id);


--
-- Name: auth_group_name_a6ea08ec_like; Type: INDEX; Schema: public; Owner: postgres
--

CREATE INDEX auth_group_name_a6ea08ec_like ON public.auth_group USING btree (name varchar_pattern_ops);


--
-- Name: auth_group_permissions_group_id_b120cbf9; Type: INDEX; Schema: public; Owner: postgres
--

CREATE INDEX auth_group_permissions_group_id_b120cbf9 ON public.auth_group_permissions USING btree (group_id);


--
-- Name: auth_group_permissions_permission_id_84c5c92e; Type: INDEX; Schema: public; Owner: postgres
--

CREATE INDEX auth_group_permissions_permission_id_84c5c92e ON public.auth_group_permissions USING btree (permission_id);


--
-- Name: auth_permission_content_type_id_2f476e4b; Type: INDEX; Schema: public; Owner: postgres
--

CREATE INDEX auth_permission_content_type_id_2f476e4b ON public.auth_permission USING btree (content_type_id);


--
-- Name: auth_user_groups_group_id_97559544; Type: INDEX; Schema: public; Owner: postgres
--

CREATE INDEX auth_user_groups_group_id_97559544 ON public.auth_user_groups USING btree (group_id);


--
-- Name: auth_user_groups_user_id_6a12ed8b; Type: INDEX; Schema: public; Owner: postgres
--

CREATE INDEX auth_user_groups_user_id_6a12ed8b ON public.auth_user_groups USING btree (user_id);


--
-- Name: auth_user_user_permissions_permission_id_1fbb5f2c; Type: INDEX; Schema: public; Owner: postgres
--

CREATE INDEX auth_user_user_permissions_permission_id_1fbb5f2c ON public.auth_user_user_permissions USING btree (permission_id);


--
-- Name: auth_user_user_permissions_user_id_a95ead1b; Type: INDEX; Schema: public; Owner: postgres
--

CREATE INDEX auth_user_user_permissions_user_id_a95ead1b ON public.auth_user_user_permissions USING btree (user_id);


--
-- Name: auth_user_username_6821ab7c_like; Type: INDEX; Schema: public; Owner: postgres
--

CREATE INDEX auth_user_username_6821ab7c_like ON public.auth_user USING btree (username varchar_pattern_ops);


--
-- Name: django_admin_log_content_type_id_c4bce8eb; Type: INDEX; Schema: public; Owner: postgres
--

CREATE INDEX django_admin_log_content_type_id_c4bce8eb ON public.django_admin_log USING btree (content_type_id);


--
-- Name: django_admin_log_user_id_c564eba6; Type: INDEX; Schema: public; Owner: postgres
--

CREATE INDEX django_admin_log_user_id_c564eba6 ON public.django_admin_log USING btree (user_id);


--
-- Name: django_session_expire_date_a5c62663; Type: INDEX; Schema: public; Owner: postgres
--

CREATE INDEX django_session_expire_date_a5c62663 ON public.django_session USING btree (expire_date);


--
-- Name: django_session_session_key_c0390e0f_like; Type: INDEX; Schema: public; Owner: postgres
--

CREATE INDEX django_session_session_key_c0390e0f_like ON public.django_session USING btree (session_key varchar_pattern_ops);


--
-- Name: web_arriendo_juego_id_93731293; Type: INDEX; Schema: public; Owner: postgres
--

CREATE INDEX web_arriendo_juego_id_93731293 ON public.web_arriendo USING btree (juego_id);


--
-- Name: web_arriendo_user_id_84c53227; Type: INDEX; Schema: public; Owner: postgres
--

CREATE INDEX web_arriendo_user_id_84c53227 ON public.web_arriendo USING btree (user_id);


--
-- Name: web_juego_arrendador_id_7e490dee; Type: INDEX; Schema: public; Owner: postgres
--

CREATE INDEX web_juego_arrendador_id_7e490dee ON public.web_juego USING btree (arrendador_id);


--
-- Name: web_juego_genero_id_be4136df; Type: INDEX; Schema: public; Owner: postgres
--

CREATE INDEX web_juego_genero_id_be4136df ON public.web_juego USING btree (genero_id);


--
-- Name: web_juego_plataforma_id_4fa18311; Type: INDEX; Schema: public; Owner: postgres
--

CREATE INDEX web_juego_plataforma_id_4fa18311 ON public.web_juego USING btree (plataforma_id);


--
-- Name: auth_group_permissions auth_group_permissio_permission_id_84c5c92e_fk_auth_perm; Type: FK CONSTRAINT; Schema: public; Owner: postgres
--

ALTER TABLE ONLY public.auth_group_permissions
    ADD CONSTRAINT auth_group_permissio_permission_id_84c5c92e_fk_auth_perm FOREIGN KEY (permission_id) REFERENCES public.auth_permission(id) DEFERRABLE INITIALLY DEFERRED;


--
-- Name: auth_group_permissions auth_group_permissions_group_id_b120cbf9_fk_auth_group_id; Type: FK CONSTRAINT; Schema: public; Owner: postgres
--

ALTER TABLE ONLY public.auth_group_permissions
    ADD CONSTRAINT auth_group_permissions_group_id_b120cbf9_fk_auth_group_id FOREIGN KEY (group_id) REFERENCES public.auth_group(id) DEFERRABLE INITIALLY DEFERRED;


--
-- Name: auth_permission auth_permission_content_type_id_2f476e4b_fk_django_co; Type: FK CONSTRAINT; Schema: public; Owner: postgres
--

ALTER TABLE ONLY public.auth_permission
    ADD CONSTRAINT auth_permission_content_type_id_2f476e4b_fk_django_co FOREIGN KEY (content_type_id) REFERENCES public.django_content_type(id) DEFERRABLE INITIALLY DEFERRED;


--
-- Name: auth_user_groups auth_user_groups_group_id_97559544_fk_auth_group_id; Type: FK CONSTRAINT; Schema: public; Owner: postgres
--

ALTER TABLE ONLY public.auth_user_groups
    ADD CONSTRAINT auth_user_groups_group_id_97559544_fk_auth_group_id FOREIGN KEY (group_id) REFERENCES public.auth_group(id) DEFERRABLE INITIALLY DEFERRED;


--
-- Name: auth_user_groups auth_user_groups_user_id_6a12ed8b_fk_auth_user_id; Type: FK CONSTRAINT; Schema: public; Owner: postgres
--

ALTER TABLE ONLY public.auth_user_groups
    ADD CONSTRAINT auth_user_groups_user_id_6a12ed8b_fk_auth_user_id FOREIGN KEY (user_id) REFERENCES public.auth_user(id) DEFERRABLE INITIALLY DEFERRED;


--
-- Name: auth_user_user_permissions auth_user_user_permi_permission_id_1fbb5f2c_fk_auth_perm; Type: FK CONSTRAINT; Schema: public; Owner: postgres
--

ALTER TABLE ONLY public.auth_user_user_permissions
    ADD CONSTRAINT auth_user_user_permi_permission_id_1fbb5f2c_fk_auth_perm FOREIGN KEY (permission_id) REFERENCES public.auth_permission(id) DEFERRABLE INITIALLY DEFERRED;


--
-- Name: auth_user_user_permissions auth_user_user_permissions_user_id_a95ead1b_fk_auth_user_id; Type: FK CONSTRAINT; Schema: public; Owner: postgres
--

ALTER TABLE ONLY public.auth_user_user_permissions
    ADD CONSTRAINT auth_user_user_permissions_user_id_a95ead1b_fk_auth_user_id FOREIGN KEY (user_id) REFERENCES public.auth_user(id) DEFERRABLE INITIALLY DEFERRED;


--
-- Name: django_admin_log django_admin_log_content_type_id_c4bce8eb_fk_django_co; Type: FK CONSTRAINT; Schema: public; Owner: postgres
--

ALTER TABLE ONLY public.django_admin_log
    ADD CONSTRAINT django_admin_log_content_type_id_c4bce8eb_fk_django_co FOREIGN KEY (content_type_id) REFERENCES public.django_content_type(id) DEFERRABLE INITIALLY DEFERRED;


--
-- Name: django_admin_log django_admin_log_user_id_c564eba6_fk_auth_user_id; Type: FK CONSTRAINT; Schema: public; Owner: postgres
--

ALTER TABLE ONLY public.django_admin_log
    ADD CONSTRAINT django_admin_log_user_id_c564eba6_fk_auth_user_id FOREIGN KEY (user_id) REFERENCES public.auth_user(id) DEFERRABLE INITIALLY DEFERRED;


--
-- Name: web_arriendo web_arriendo_juego_id_93731293_fk_web_juego_id; Type: FK CONSTRAINT; Schema: public; Owner: postgres
--

ALTER TABLE ONLY public.web_arriendo
    ADD CONSTRAINT web_arriendo_juego_id_93731293_fk_web_juego_id FOREIGN KEY (juego_id) REFERENCES public.web_juego(id) DEFERRABLE INITIALLY DEFERRED;


--
-- Name: web_arriendo web_arriendo_user_id_84c53227_fk_auth_user_id; Type: FK CONSTRAINT; Schema: public; Owner: postgres
--

ALTER TABLE ONLY public.web_arriendo
    ADD CONSTRAINT web_arriendo_user_id_84c53227_fk_auth_user_id FOREIGN KEY (user_id) REFERENCES public.auth_user(id) DEFERRABLE INITIALLY DEFERRED;


--
-- Name: web_juego web_juego_arrendador_id_7e490dee_fk_auth_user_id; Type: FK CONSTRAINT; Schema: public; Owner: postgres
--

ALTER TABLE ONLY public.web_juego
    ADD CONSTRAINT web_juego_arrendador_id_7e490dee_fk_auth_user_id FOREIGN KEY (arrendador_id) REFERENCES public.auth_user(id) DEFERRABLE INITIALLY DEFERRED;


--
-- Name: web_juego web_juego_genero_id_be4136df_fk_web_genero_id; Type: FK CONSTRAINT; Schema: public; Owner: postgres
--

ALTER TABLE ONLY public.web_juego
    ADD CONSTRAINT web_juego_genero_id_be4136df_fk_web_genero_id FOREIGN KEY (genero_id) REFERENCES public.web_genero(id) DEFERRABLE INITIALLY DEFERRED;


--
-- Name: web_juego web_juego_plataforma_id_4fa18311_fk_web_plataforma_id; Type: FK CONSTRAINT; Schema: public; Owner: postgres
--

ALTER TABLE ONLY public.web_juego
    ADD CONSTRAINT web_juego_plataforma_id_4fa18311_fk_web_plataforma_id FOREIGN KEY (plataforma_id) REFERENCES public.web_plataforma(id) DEFERRABLE INITIALLY DEFERRED;


--
-- PostgreSQL database dump complete
--

